{
  "Rules": [
    {
      "ID": "HIPAACompliantPolicy",
      "Status": "Enabled",
      "Filter": {
        "Prefix": "hdfs"
      },
      "Transitions": [
        {
          "Days": 30,
          "StorageClass": "STANDARD_IA"
        }
      ],
      "Expiration": {
        "Days": 90
      },
      "NoncurrentVersionExpiration": {
        "NoncurrentDays": 90
      },
      "AbortIncompleteMultipartUpload": {
        "DaysAfterInitiation": 7
      }
    },
    {
      "ID": "LogsManagement",
      "Status": "Enabled",
      "Filter": {
        "Prefix": "logs/"
      },
      "Transitions": [
        {
          "Days": 30,
          "StorageClass": "GLACIER"
        }
      ],
      "Expiration": {
        "Days": 2190
      },
      "AbortIncompleteMultipartUpload": {
        "DaysAfterInitiation": 7
      }
    }
  ]
}
