{
  "Rules": [
    {
      "ID": "TagBasedTransition",
      "Status": "Enabled",
      "Filter": {
        "And": {
          "Prefix": "Replace-Me-With-Prefix/",
          "Tags": [
            {
              "Key": "DataType",
              "Value": "Replace-Me-With-Tag-Value"
            }
          ]
        }
      },
      "Transitions": [
        {
          "Days": 30,
          "StorageClass": "STANDARD_IA"
        }
      ],
      "Expiration": {
        "Days": 90
      },
      "AbortIncompleteMultipartUpload": {
        "DaysAfterInitiation": 7
      }
    }
  ]
}
