{
  "Version": "2012-10-17",
  "Id": "S3PublicReadOnlyPolicy",
  "Statement": [
    {
      "Sid": "PublicReadGetObject",
      "Effect": "Allow",
      "Principal": "*",
      "Action": [
        "s3:GetObject"
      ],
      "Resource": "arn:aws:s3:::BUCKET-NAME/*",
      "Condition": {
        "Bool": {
          "aws:SecureTransport": "true"
        }
      }
    },
    {
      "Sid": "DenyNonHTTPSAccess",
      "Effect": "Deny",
      "Principal": "*",
      "Action": "s3:*",
      "Resource": [
        "arn:aws:s3:::BUCKET-NAME",
        "arn:aws:s3:::BUCKET-NAME/*"
      ],
      "Condition": {
        "Bool": {
          "aws:SecureTransport": "false"
        }
      }
    }
  ]
}

